length,difficulty,timestamp
5,4,2024-03-11 12:37:51
5,4,2024-03-11 12:37:53
5,4,2024-03-11 12:37:53
5,4,2024-03-11 12:37:53
5,4,2024-03-11 12:37:53
5,4,2024-03-11 12:37:53
5,4,2024-03-11 12:37:53
5,4,2024-03-11 12:37:54
5,4,2024-03-11 12:41:30
5,4,2024-03-11 12:41:30
5,4,2024-03-11 12:41:30
5,4,2024-03-11 12:41:31
5,4,2024-03-11 12:41:31
5,4,2024-03-11 12:41:31
5,4,2024-03-11 12:41:31
5,4,2024-03-11 12:41:31
5,4,2024-03-11 12:41:31
5,4,2024-03-11 12:41:31
5,4,2024-03-11 12:41:32
5,4,2024-03-11 12:41:32
5,4,2024-03-11 12:41:32
5,4,2024-03-11 12:41:32
5,4,2024-03-11 12:41:32
5,4,2024-03-11 12:41:32
5,4,2024-03-11 12:41:32
5,4,2024-03-11 12:41:33
5,4,2024-03-11 12:41:33
5,4,2024-03-11 12:41:33
5,4,2024-03-11 12:41:33
5,4,2024-03-11 12:41:33
5,4,2024-03-11 12:41:33
5,4,2024-03-11 12:41:33
5,4,2024-03-11 12:41:33
5,4,2024-03-11 12:41:34
5,4,2024-03-11 12:41:34
5,4,2024-03-11 12:41:34
5,4,2024-03-11 12:41:34
10,4,2024-03-11 12:41:36
10,4,2024-03-11 12:41:36
10,4,2024-03-11 12:41:36
10,4,2024-03-11 12:41:37
10,4,2024-03-11 12:41:37
10,4,2024-03-11 12:41:37
10,4,2024-03-11 12:41:37
10,4,2024-03-11 12:41:37
10,4,2024-03-11 12:41:37
10,4,2024-03-11 12:41:38
10,4,2024-03-11 12:41:38
10,4,2024-03-11 12:41:38
10,4,2024-03-11 12:41:38
10,4,2024-03-11 12:41:38
10,4,2024-03-11 12:41:38
10,4,2024-03-11 12:41:39
10,4,2024-03-11 12:41:39
10,4,2024-03-11 12:41:39
10,4,2024-03-11 12:41:39
10,4,2024-03-11 12:41:39
10,4,2024-03-11 12:41:39
10,4,2024-03-11 12:41:40
10,4,2024-03-11 12:41:40
10,4,2024-03-11 12:41:40
10,4,2024-03-11 12:41:40
10,4,2024-03-11 12:41:40
10,4,2024-03-11 12:41:40
10,4,2024-03-11 12:41:40
10,4,2024-03-11 12:41:41
10,4,2024-03-11 12:41:41
10,4,2024-03-11 12:41:41
5,4,2024-03-11 12:48:01
5,4,2024-03-11 12:48:01
5,4,2024-03-11 12:48:02
5,4,2024-03-11 12:48:02
1,4,2024-03-11 12:51:45
1,1,2024-03-11 12:52:22
1,1,2024-03-11 12:52:23
1,1,2024-03-11 12:52:23
1,1,2024-03-11 12:52:23
1,1,2024-03-11 12:52:23
1,1,2024-03-11 12:52:23
1,1,2024-03-11 12:52:23
1,1,2024-03-11 12:52:23
1,1,2024-03-11 12:52:23
1,1,2024-03-11 12:52:24
5,2,2024-03-11 12:52:53
5,3,2024-03-11 12:53:01
5,3,2024-03-11 12:53:05
5,3,2024-03-11 12:53:06
5,3,2024-03-11 12:53:06
5,3,2024-03-11 12:53:06
5,5,2024-03-11 12:53:32
5,5,2024-03-11 12:53:32
5,5,2024-03-11 12:53:32
10,5,2024-03-11 12:53:36
10,5,2024-03-11 12:53:37
10,5,2024-03-11 12:53:41
